{
    "mse": 84919476484626.69,
    "rmse": 9215176.421785243,
    "mae": 5662869.246417563,
    "r2_train": 0.9882478529530784,
    "r2_test": -0.16780784475403854
}